"1","Watch","Wearables",2021-04-28 17:56:10.3930000
"2","Vaccum","HomeAppliance",2021-04-28 17:56:10.3930000
"3","Airconditioner","HomeAppliance",2021-04-28 17:56:10.3930000
"4","Microwave","HomeAppliance",2021-04-28 17:56:10.3930000
"5","DVD","HomeEntertainment",2021-04-28 17:56:10.3930000
"6","TV","HomeEntertainment",2021-04-28 17:56:10.3930000
"7","Keyboard","Computers",2021-04-28 17:56:10.3930000
"8","Mice","Computers",2021-04-28 17:56:10.3930000
"9","Monitor","Computers",2021-04-28 17:56:10.3930000
"10","Mobile","Phones",2021-04-28 17:56:10.3930000
