3001,"Adele Newman","P.O. Box 319, 4869 Elit. Rd.","Llanidloes","W67 8IH","United Kingdom","00432 095538","commodo@pretiumet.com","5343300510782047",2021-04-28 18:25:40.9270000
3002,"Odysseus Guerrero","P.O. Box 169, 8875 Odio. Avenue","Grande Cache","G0B 0H1","Canada","1 (367) 588-9602","Donec.feugiat.metus@velitPellentesque.co.uk","5154959880757059",2021-04-28 18:25:40.9270000
3003,"Holmes Salinas","P.O. Box 765, 9879 Vivamus Street","West Valley City","16753","United States","1-893-991-8886","ante.Nunc.mauris@aliquetsemut.com","5279387746878416",2021-04-28 18:25:40.9270000
3004,"Asher Benton","5804 Mauris. St.","Warspite","G0W 5S5","Canada","1 (873) 915-0992","eu.nibh.vulputate@loremsemperauctor.com","5373038287335168",2021-04-28 18:25:40.9270000
3005,"Shay Love","P.O. Box 836, 1186 Id, Av.","Fort Laird","R5X 5E5","Canada","1 (639) 480-5908","Duis.cursus@maurisMorbi.org","5183707838667853",2021-04-28 18:25:40.9270000
3006,"Sophia Kirkland","P.O. Box 882, 7203 Aliquet St.","Pontypridd","M0 6IY","United Kingdom","06456 937230","Cras.interdum@tellus.net","5149527781000222",2021-04-28 18:25:40.9270000
3007,"Macy Marsh","Ap #828-5002 Dolor. Road","Toledo","62682","United States","1-728-251-3917","amet@pedeetrisus.edu","5491523804855324",2021-04-28 18:25:40.9270000
3008,"Ariel Riggs","Ap #987-1475 Urna. St.","Orlando","59391","United States","1-794-841-9611","eros@urnanec.edu","5461253798468092",2021-04-28 18:25:40.9270000
3009,"Kaye Gallegos","796-1595 Fusce Avenue","Blind River","S5N 5L4","Canada","1 (437) 910-9551","ipsum@enim.org","5473540375708643",2021-04-28 18:25:40.9270000
3010,"Maya Khan","P.O. Box 806, 9194 Mauris Rd.","Port Blair","197381","India","+91 4337777742","arcu.Sed@fermentum.edu","5569857707773730",2021-04-28 18:25:40.9270000
3011,"Lacey Schultz","P.O. Box 856, 2904 Luctus Rd.","Evansville","45221","United States","1-343-146-1996","Cras.sed.leo@nuncsedlibero.com","5485084397030377",2021-04-28 18:25:40.9270000
3012,"Candace Church","2842 Ante Rd.","Omaha","10001","United States","1-528-877-1778","Cras.sed@sollicitudinamalesuada.net","5287764000671325",2021-04-28 18:25:40.9270000
3013,"Skyler Flores","218-6185 Dui, Rd.","Portree","U54 5WS","United Kingdom","02122 880737","imperdiet.nec.leo@vitae.co.uk","5468556826780590",2021-04-28 18:25:40.9270000
3014,"Bert Kent","3378 Viverra. Rd.","College","97415","United States","1-921-337-3132","ullamcorper.viverra.Maecenas@eleifend.net","5156539464684990",2021-04-28 18:25:40.9270000
3015,"Evan Lowery","1996 Nibh. Avenue","San Francisco","13988","United States","1-367-445-4522","leo@pedemalesuadavel.net","5146676676149462",2021-04-28 18:25:40.9270000
3016,"Lacey Farley","814-7982 Erat Rd.","Atlanta","53455","United States","1-957-872-2364","lectus@disparturient.ca","5466804505298506",2021-04-28 18:25:40.9270000
3017,"Lavinia Schroeder","2716 Et, Street","Moncton","T9M 7V1","Canada","1 (672) 687-5858","lobortis@pharetranibh.ca","5335873677993557",2021-04-28 18:25:40.9270000
3018,"Dolan Adkins","P.O. Box 344, 2752 Ligula. Av.","Lampeter","Y14 9SS","United Kingdom","01386 610256","nec@tempus.org","5221322064971476",2021-04-28 18:25:40.9270000
3019,"Holly Ferrell","856 Penatibus Ave","New Quay","I4A 7PO","United Kingdom","04186 533845","a@eulacusQuisque.com","5528080861006538",2021-04-28 18:25:40.9270000
3020,"Larissa Key","P.O. Box 889, 5905 Sed St.","Banff","M5W 6J3","Canada","1 (905) 919-4788","pede.sagittis@metusIn.co.uk","5276488885664659",2021-04-28 18:25:40.9270000
3021,"Oscar Morales","3763 Posuere Rd.","Jonesboro","78727","United States","1-906-819-8733","nunc.sed@orci.ca","5362991302966172",2021-04-28 18:25:40.9270000
3022,"Astra Weaver","914-413 Duis Rd.","Watson Lake","A8E 7R3","Canada","1 (705) 835-4764","arcu.Nunc@sitametante.co.uk","5161454992407489",2021-04-28 18:25:40.9270000
3023,"Olivia Calhoun","P.O. Box 922, 1126 Posuere Road","Duluth","37278","United States","1-878-513-2069","feugiat.non.lobortis@egetmetusIn.co.uk","5407032172712060",2021-04-28 18:25:40.9270000
3024,"Amala Singh","551-9421 Est. Rd.","Imphal","644853","India","+91 7355499694","gravida@tacitisociosquad.org","5240535374549594",2021-04-28 18:25:40.9270000
3025,"Maia Levine","P.O. Box 829, 3601 Fermentum Ave","College","76444","United States","1-568-422-8243","fringilla.porttitor@nec.com","5154160540771321",2021-04-28 18:25:40.9270000
3026,"Rose Griffith","Ap #794-715 Purus Av.","Lourdes","X8M 4E6","Canada","1 (418) 509-1918","Vestibulum.ut@libero.org","5242643735449831",2021-04-28 18:25:40.9270000
3027,"Aquila Day","330-5016 Amet, Rd.","Stamford","31230","United States","1-421-629-4103","est.congue@in.co.uk","5464458323406825",2021-04-28 18:25:40.9270000
3028,"Honorato Grimes","373-1172 Phasellus Road","North Cowichan","S9A 9E1","Canada","1 (506) 572-8858","nibh.Donec@congueelitsed.org","5444428110029689",2021-04-28 18:25:40.9270000
3029,"Mandir Singh","Ap #494-6634 Dolor St.","Delhi","346557","India","+91 0112302693","lectus@augue.edu","5426947889840879",2021-04-28 18:25:40.9270000
3030,"Reese Mckee","P.O. Box 911, 812 Et, Av.","Falkirk","G9 4EW","United Kingdom","08808 371350","egestas@volutpatNulladignissim.co.uk","5281643283869366",2021-04-28 18:25:40.9270000
3031,"Olivia Peterson","174-9069 Tempus Av.","Leominster","K2U 8CM","United Kingdom","00759 311851","mauris.eu@ultricesaauctor.net","5288622871558790",2021-04-28 18:25:40.9270000
3032,"Natraj Kumar","Ap #183-5934 Tristique Street","Chandigarh","823518","India","+91 3060078897","urna@Integervulputaterisus.edu","5362850931246200",2021-04-28 18:25:40.9270000
3033,"Kiranmay Khan","Ap #390-5402 Praesent Rd.","Silvassa","771789","India","+91 9585337655","nunc@elitfermentumrisus.org","5363641843394801",2021-04-28 18:25:40.9270000
3034,"Mardav Ismail","P.O. Box 689, 3343 Etiam St.","Dehradun","266267","India","+91 1036463127","semper.egestas.urna@eueuismodac.ca","5220088723499362",2021-04-28 18:25:40.9270000
3035,"Sophia Wolf","Ap #573-9250 Donec Avenue","Mission","P6M 5E8","Canada","1 (343) 665-6878","lectus@uteratSed.net","5308002296036167",2021-04-28 18:25:40.9270000
3036,"Jacob Reed","8727 Pede, St.","Burnaby","S7G 4C6","Canada","1 (867) 973-0710","ligula@tempusnonlacinia.org","5323214528536481",2021-04-28 18:25:40.9270000
3037,"Ketaki Khan","P.O. Box 918, 5402 Vitae Road","Silvassa","779014","India","+91 1788786422","sociis@dignissimmagna.com","5216993691268242",2021-04-28 18:25:40.9270000
3038,"Sheila Goff","P.O. Box 292, 7679 Justo. Av.","Town of Yarmouth","X7Y 8N0","Canada","1 (236) 564-2751","pharetra@ac.org","5274993245529015",2021-04-28 18:25:40.9270000
3039,"Kirti Jain","P.O. Box 663, 4595 Molestie Road","Pilibhit","825038","India","+91 5101852921","Donec.egestas.Aliquam@sedpede.ca","5568843762312078",2021-04-28 18:25:40.9270000
3040,"Virginia Walls","6900 Vestibulum Rd.","Las Vegas","88650","United States","1-452-474-8059","augue.eu@aliquamenim.edu","5482667648979294",2021-04-28 18:25:40.9270000
3041,"Oscar Martin","P.O. Box 148, 7506 Tincidunt. Av.","Sterling Heights","33065","United States","1-851-379-0198","pellentesque.Sed@nonnisiAenean.edu","5372089566976900",2021-04-28 18:25:40.9270000
3042,"Illana Lopez","5643 Leo Ave","Charlottetown","L9Y 9V8","Canada","1 (343) 592-1815","quis.accumsan.convallis@ridiculusmus.net","5458965142936921",2021-04-28 18:25:40.9270000
3043,"Patience Langley","663-3813 Erat Street","Columbus","39364","United States","1-297-489-5360","Curabitur@montesnasceturridiculus.co.uk","5127265920411432",2021-04-28 18:25:40.9270000
3044,"Darshan Ismail","Ap #819-3089 Elit. Rd.","Shillong","383269","India","+91 5721803451","dolor@urna.net","5434556817670348",2021-04-28 18:25:40.9270000
3045,"Thangamani Khan","716-1516 Tempor Ave","Kozhikode","387289","India","+91 2377402478","lectus.Cum@Nuncac.edu","5500681953918837",2021-04-28 18:25:40.9270000
3046,"Luke Lara","Ap #825-5103 Vivamus Ave","Bangor","17614","United States","1-251-839-4055","sem.semper.erat@vulputateeuodio.net","5508367305922808",2021-04-28 18:25:40.9270000
3047,"Parama Raj","5134 In St.","Ratlam","318429","India","+91 9258078842","nibh@atnisiCum.ca","5577515634631815",2021-04-28 18:25:40.9270000
3048,"Brett Wise","5331 Dolor. Ave","Ilkeston","W1N 3PX","United Kingdom","09769 273788","enim.Mauris.quis@purus.edu","5543853507737430",2021-04-28 18:25:40.9270000
3049,"Fletcher Sanders","P.O. Box 333, 9635 Risus Rd.","Pangnirtung","R1G 8T7","Canada","1 (519) 368-0323","adipiscing.lacus@tempusloremfringilla.ca","5414411345331886",2021-04-28 18:25:40.9270000
3050,"Iona Chandler","Ap #788-267 Odio Av.","Alert Bay","S3P 7G3","Canada","1 (437) 541-4017","dui@convallis.co.uk","5219572382456741",2021-04-28 18:25:40.9270000
3051,"Indulala Kumar","P.O. Box 733, 4192 At, Rd.","Ganganagar","151143","India","+91 3170769913","Duis.cursus@nonduinec.org","5333986904786131",2021-04-28 18:25:40.9270000
3052,"Maggie Kline","878-7172 Id Rd.","Annapolis County","A0X 0S5","Canada","1 (705) 184-1107","massa.Mauris@sitamet.net","5470892311697155",2021-04-28 18:25:40.9270000
3053,"Giacomo Jennings","679-6833 Nibh St.","Oklahoma City","27259","United States","1-967-860-5863","id.magna@ornaretortorat.net","5282115226031536",2021-04-28 18:25:40.9270000
3054,"Nathaniel Mcguire","5161 Sem St.","Hunstanton","Z9H 4IF","United Kingdom","07592 807813","mollis@lacusNullatincidunt.net","5114907789572565",2021-04-28 18:25:40.9270000
3055,"Gokul Raj","Ap #544-7398 Fringilla Ave","Karimnagar","601168","India","+91 5216634635","purus.gravida.sagittis@Proinnislsem.net","5495605261746496",2021-04-28 18:25:40.9270000
3056,"Ulka Patel","5031 Mus. St.","Panjim","527544","India","+91 8750815025","Fusce.mollis.Duis@arcuSed.com","5282409058837486",2021-04-28 18:25:40.9270000
3057,"Rajdulari Singh","P.O. Box 773, 1996 Feugiat Rd.","Ingraj Bazar","240275","India","+91 1317607644","ultricies.ligula@fermentumvelmauris.net","5172575944300161",2021-04-28 18:25:40.9270000
3058,"Rebekah Armstrong","Ap #482-1400 Ut Street","Little Rock","68980","United States","1-622-839-6112","dui.nec@egestasadui.net","5558743603238312",2021-04-28 18:25:40.9270000
3059,"Leonard Oneal","Ap #117-3078 Suspendisse Ave","Fort Wayne","97623","United States","1-991-173-0792","vitae@luctus.net","5568080267776974",2021-04-28 18:25:40.9270000
3060,"Mark Osborn","7749 Vulputate St.","Peterborough","VU9Z 7EH","United Kingdom","04927 097262","nisl.arcu.iaculis@euerosNam.edu","5186204150572553",2021-04-28 18:25:40.9270000
3061,"Chanda Wall","Ap #733-8122 Aliquet Av.","Daly","X8M 2B8","Canada","1 (365) 908-9752","aliquam@ettristiquepellentesque.net","5395407779756971",2021-04-28 18:25:40.9270000
3062,"Belle Byrd","563-3295 In Rd.","Brighton","K6H 4PA","United Kingdom","03105 838123","Donec.at@faucibusleo.org","5296680258718080",2021-04-28 18:25:40.9270000
3063,"Hanae Kerr","6284 Orci. Av.","Eastbourne","R3 0JT","United Kingdom","05968 252841","est@Aenean.ca","5248736047426739",2021-04-28 18:25:40.9270000
3064,"Whilemina Palmer","180-954 Et Av.","Township of Minden Hills","H1N 1Y8","Canada","1 (672) 779-4302","mollis.nec@mauris.ca","5152380848649183",2021-04-28 18:25:40.9270000
3065,"Ivan Wallace","P.O. Box 146, 3851 At Street","Frankfort","10938","United States","1-879-440-5564","arcu.iaculis.enim@etmagnisdis.ca","5445846117084200",2021-04-28 18:25:40.9270000
3066,"Clementine Villarreal","Ap #847-9784 Aliquam Rd.","Miramichi","B9P 8W2","Canada","1 (514) 362-6295","lobortis.nisi.nibh@Suspendissealiquetsem.ca","5360430405942204",2021-04-28 18:25:40.9270000
3067,"Yeo Patrick","Ap #766-5334 Non Avenue","Burlington","47244","United States","1-664-878-5057","varius.Nam@nisi.ca","5187904764023534",2021-04-28 18:25:40.9270000
3068,"Martin Becker","Ap #226-6702 Fusce Rd.","Argyle","C0A 6E0","Canada","1 (879) 102-1138","dui.in.sodales@estconguea.org","5271141748207506",2021-04-28 18:25:40.9270000
3069,"Stuart York","231-6020 Neque Ave","Winnipeg","J5W 0R2","Canada","1 (418) 812-6304","eget.dictum.placerat@sit.org","5547097958474624",2021-04-28 18:25:40.9270000
3070,"Camille Clarke","Ap #182-4696 Ipsum Avenue","Sioux City","95803","United States","1-570-264-2043","aliquam.adipiscing.lacus@blanditenim.com","5290516262409793",2021-04-28 18:25:40.9270000
3071,"Herrod Everett","P.O. Box 364, 2184 Morbi St.","Glendon","C6V 4Z8","Canada","1 (226) 419-3142","ullamcorper@turpisnonenim.org","5318229498378067",2021-04-28 18:25:40.9270000
3072,"Ajanta Khan","2862 Lacus Ave","Nashik","273575","India","+91 7620812605","erat.neque.non@duiCumsociis.edu","5262979187418964",2021-04-28 18:25:40.9270000
3073,"Delilah Oliver","221-8998 Morbi St.","Wolfville","S4V 5L2","Canada","1 (226) 699-0524","semper.erat@mattisvelitjusto.org","5286755791752416",2021-04-28 18:25:40.9270000
3074,"Lana Rhodes","Ap #614-5695 Rutrum, St.","Salt Spring Island","K9B 2K9","Canada","1 (438) 588-7136","ac.sem.ut@nunc.co.uk","5400487206289526",2021-04-28 18:25:40.9270000
3075,"Madonna Simpson","610-6175 Donec Avenue","Virginia Beach","67577","United States","1-341-604-7272","nunc.est.mollis@ac.net","5550934724020683",2021-04-28 18:25:40.9270000
3076,"Yolanda Henry","P.O. Box 246, 6796 Aliquet Ave","Baltimore","16628","United States","1-932-978-3882","nulla.magna.malesuada@Maecenasmalesuadafringilla.com","5163226460039947",2021-04-28 18:25:40.9270000
3077,"Oscar Vargas","Ap #958-8125 Sit Road","Rimouski","K4Z 2S7","Canada","1 (418) 383-4023","Nunc@dictumeleifend.edu","5482051429552820",2021-04-28 18:25:40.9270000
3078,"Kaye Lucas","P.O. Box 859, 1153 Penatibus St.","Green Bay","55430","United States","1-643-375-9099","diam.Duis@CurabiturmassaVestibulum.edu","5342914950774115",2021-04-28 18:25:40.9270000
3079,"Rhoda Mendez","666-1472 Ut, Road","Langholm","HX0M 2VW","United Kingdom","09993 709764","Etiam.bibendum@id.edu","5172962354965610",2021-04-28 18:25:40.9270000
3080,"Kasper Howell","Ap #187-7510 Mauris Avenue","Mansfield-et-Pontefract","N4X 1W6","Canada","1 (431) 469-7276","aliquam@malesuadaut.com","5364004135672989",2021-04-28 18:25:40.9270000
3081,"Sukthi Khan","809-1692 At Avenue","Pondicherry","777376","India","+91 3055411936","vitae.aliquet.nec@musProin.net","5489835172021097",2021-04-28 18:25:40.9270000
3082,"Ursula Whitney","6606 Arcu. Rd.","Salem","12737","United States","1-249-395-0825","justo.sit@ridiculusmusProin.net","5167181623436991",2021-04-28 18:25:40.9270000
3083,"Cynthia Mccullough","343-7857 Dignissim Avenue","Oliver","X9R 9H6","Canada","1 (450) 288-4830","arcu@necenim.edu","5214814752461710",2021-04-28 18:25:40.9270000
3084,"Kularanjan Khan","Ap #578-8837 Lorem Av.","Guwahati","609198","India","+91 3344540032","scelerisque.dui.Suspendisse@risus.net","5298246769240473",2021-04-28 18:25:40.9270000
3085,"Germaine Meyer","8429 Rhoncus Avenue","Watford","WA0 7SA","United Kingdom","08599 598308","dictum.eu@laciniaorciconsectetuer.org","5460759820312430",2021-04-28 18:25:40.9270000
3086,"Murphy Walters","P.O. Box 442, 5101 Eget Avenue","Hudson Bay","P0T 0V2","Canada","1 (519) 447-7305","tincidunt@et.edu","5511511221742387",2021-04-28 18:25:40.9270000
3087,"Srikant Kumar","4094 Aptent Ave","Shillong","308134","India","+91 4409537910","ut.molestie.in@Sedmolestie.edu","5147046867676930",2021-04-28 18:25:40.9270000
3088,"Kevyn Cobb","Ap #627-1725 Nunc Road","Provo","66032","United States","1-409-283-0946","id.sapien@ac.edu","5293308090034267",2021-04-28 18:25:40.9270000
3089,"Audra Atkinson","Ap #427-6951 Vivamus Ave","Ilkeston","K5 9HP","United Kingdom","09585 704381","In.mi@vehicularisusNulla.net","5149533295323597",2021-04-28 18:25:40.9270000
3090,"Virginia Lopez","5574 Hendrerit. Av.","Outremont","E9P 8R2","Canada","1 (604) 457-1721","rutrum@purusac.edu","5399029173327930",2021-04-28 18:25:40.9270000
3091,"Nabhi Patel","871-2584 Sodales Road","Dibrugarh","635497","India","+91 8352436417","Fusce.fermentum@sollicitudinadipiscingligula.edu","5484565061257594",2021-04-28 18:25:40.9270000
3092,"Austin Shelton","715-6329 Vitae, Rd.","Kearney","30050","United States","1-605-989-7765","nonummy.Fusce@ligulaAenean.net","5437833093051205",2021-04-28 18:25:40.9270000
3093,"Tallulah Richardson","428-9872 Orci Rd.","Fresno","89035","United States","1-379-978-7884","Suspendisse.eleifend.Cras@nec.co.uk","5145047095079774",2021-04-28 18:25:40.9270000
3094,"Amaya Schneider","926-1227 Aliquet. Road","Miami","72209","United States","1-373-390-5071","felis@molestie.ca","5418934326067456",2021-04-28 18:25:40.9270000
3095,"Marshall Zamora","1371 Neque Street","Cambridge","84587","United States","1-565-773-8456","aliquet.nec.imperdiet@cursusvestibulum.edu","5381765580401764",2021-04-28 18:25:40.9270000
3096,"Sandra Cohen","7298 Duis Avenue","Beaumont","L0Y 3Z9","Canada","1 (867) 672-4303","gravida.molestie.arcu@turpis.ca","5537113477296901",2021-04-28 18:25:40.9270000
3097,"Sylvia Tate","674-1472 Et Rd.","Neath","W1 2KP","United Kingdom","00611 161114","orci.sem@semperdui.edu","5515742032283412",2021-04-28 18:25:40.9270000
3098,"Abbot Skinner","2760 Felis, Avenue","Fort Smith","88219","United States","1-284-684-4947","neque@temporarcuVestibulum.edu","5315393169434014",2021-04-28 18:25:40.9270000
3099,"Harkrishna Patel","Ap #974-760 Amet Avenue","Kurnool","974316","India","+91 1663198186","at@Nullamut.org","5424011886914476",2021-04-28 18:25:40.9270000
3100,"Price Golden","8119 Nunc Avenue","Annapolis Royal","T7C 4E6","Canada","1 (819) 500-1134","mattis.semper@gravidamauris.edu","5166080916651566",2021-04-28 18:25:40.9270000
501,"Prescott Barnes Jr.","960-5386 Vel, Road","Pangnirtung","L7H 5R3","Canada","1 (204) 516-8169","Phasellus.vitae@vitae.co.uk","5121052895832594",2021-04-28 18:25:40.9270000
